TeamId,TeamName,SubmissionDate,Score
4169532,"Chaitanya Krishna Kasaraneni","2020-12-18 06:32:10",0.79926
4170032,"SAIT VNTU","2020-11-19 20:50:59",0.83236
4170243,xhlulu,"2020-11-06 17:43:26",0.83634
4170672,"Kumar Saurav","2020-12-13 15:56:08",0.76647
4171069,5amessi,"2020-10-31 09:46:11",0.82960
4171907,imnishantg,"2020-11-18 12:11:17",0.83297
4172225,RVK,"2021-01-03 07:56:20",0.83113
4172534,Kavin,"2020-12-29 10:05:38",0.76800
4173722,"Nitin Mukesh","2020-12-31 08:11:32",0.76524
4174721,"Jasmeet Kaur","2020-12-10 04:06:30",0.79405
4174741,"Кирилл Чертоганов","2020-11-27 20:00:40",0.78118
4177746,"Arun Reedy","2020-11-06 17:29:46",0.79558
4177890,"Marek Nurzynski","2021-01-05 13:26:54",1.00000
4178342,"KIM TAE HEON","2020-11-28 06:59:03",0.77811
4178722,"Rohit Gadhwar","2020-12-07 10:41:03",0.73153
4179499,wtf,"2020-11-28 10:12:36",0.83573
4180081,"Ankit Kumar Saini","2020-11-29 13:19:03",0.78915
4181721,"King Prawns","2020-11-10 15:42:20",0.79374
4185739,"Anjana Tiha","2021-01-01 00:06:31",1.00000
4186373,cacses,"2020-12-28 21:56:11",0.57033
4188210,"Wojciech Łabuński","2020-10-30 13:53:03",0.00000
4189210,"Jérôme E. Blanch∑t 👨🏻‍💻 📊 📈 📉","2020-12-01 05:43:43",1.00000
4194297,MalteHeckelen,"2020-11-25 16:19:21",0.76555
4206152,keysersoze309,"2020-11-15 12:55:14",0.82776
4208599,"Gustavo Loureiro","2021-01-03 03:56:27",0.63745
4208649,"RAHUL KUMAR","2020-12-28 18:01:55",0.53631
4208890,KRKirov,"2020-12-21 21:53:08",0.82010
4227176,ASFQAZ,"2020-11-15 05:51:35",0.82623
4237791,Hamza,"2020-12-28 23:52:47",0.83420
4243545,Khushnuma,"2020-11-19 14:10:25",0.80079
4244249,SteSa,"2020-12-23 21:35:24",0.83328
4248797,"Rodolfo De Nadai","2020-11-23 16:51:59",0.80508
4254589,"JAY ITANKAR","2020-11-28 07:04:27",0.78240
4267472,Hurlski,"2020-12-30 17:48:53",0.79773
4267942,Catadanna,"2020-12-02 21:15:59",0.78577
4268785,"Davide Brinati","2020-12-18 17:21:51",0.80447
4272603,"Haimao Zhan","2020-12-26 04:41:13",0.83849
4280083,"Alex Huarcaya","2020-11-03 06:01:14",0.73337
4281563,"Michael Premson L","2020-12-28 04:01:53",0.80845
4284186,ifashion,"2020-11-30 07:19:10",0.83941
4286261,"Fatma Kurşun","2020-12-28 12:05:56",0.79282
4287494,"Dumindu Kulasekara","2020-11-27 15:44:53",0.76064
4297659,Egg,"2020-11-01 12:46:12",0.83695
4301853,nullpo20170707,"2020-11-23 07:12:27",0.57033
4314125,"Jayme Oliveira","2020-12-29 20:20:58",0.80907
4314662,"Cheryl Meng","2020-12-07 23:28:15",0.80202
4329633,nxhong,"2020-12-28 02:08:33",0.84829
4341922,kysmet,"2020-12-19 02:42:32",0.84492
4348945,"Chirag Choudhary","2020-11-29 09:18:52",0.77689
4352311,"Salman Baqri","2020-12-24 05:55:00",0.79252
4359247,Razor12,"2020-12-08 12:34:21",0.84033
4360467,herwinvw,"2020-12-20 21:24:51",0.81826
4362816,"Navkiran Singh","2020-11-10 17:05:07",0.82224
4382047,"Bitan Ghosh","2020-11-01 05:29:24",1.00000
4385470,"Nyeko Samuel","2020-11-12 10:06:45",0.78179
4389207,Fen42,"2020-11-03 13:34:42",0.82653
4400240,"TeYang Lau","2020-12-16 03:16:02",0.84278
4400597,AnandYadav,"2020-11-13 08:08:53",0.79129
4406480,"Rollan Sapyshev","2020-11-13 12:33:40",0.78118
4406837,Leblanc,"2020-11-14 04:13:04",0.84523
4412013,"Shraddha A","2020-12-09 10:11:23",0.79742
4421593,"Steven Glembocki","2020-12-11 01:15:15",0.79895
4427038,"Ghaith khlifi","2020-12-13 20:10:18",1.00000
4434072,darwinwin,"2020-12-09 02:22:05",0.82316
4435188,JeffKing,"2020-11-21 12:53:19",0.84921
4436200,"Robert Kwiatkowski","2020-12-17 17:57:10",0.75942
4439398,"Hossein Masoumi","2020-11-14 21:42:26",0.84829
4440169,"Jose Alberto Moreno","2020-11-16 03:19:30",0.77505
4462629,"ekshu singh","2020-12-03 14:49:33",0.81428
4465149,"Muthu krishnan","2020-12-17 05:59:45",0.57033
4466822,"Zain Hoda","2020-11-24 23:30:22",0.79803
4468404,"Gabriel Tregoat","2020-11-15 17:10:55",0.74440
4472351,BrandontheCoder,"2021-01-04 23:45:07",1.00000
4482269,"Jagdish Mirchandani","2020-11-14 21:20:43",0.83297
4487045,"Dhruv Gangwani #2","2020-12-21 16:07:44",0.84523
4490494,"Martin Haha","2020-11-23 03:06:49",0.81121
4493408,"Chinmay Gadkari","2020-12-11 13:29:03",0.79681
4496635,"Sripaad Srinivasan","2020-12-08 09:30:52",1.00000
4509771,"Diego Silveira","2020-11-29 17:27:22",0.80018
4514251,Max__________,"2020-11-26 10:00:07",0.79650
4521724,"shyambhu Mukherjee","2020-12-24 21:53:30",0.80232
4523878,"Roshan Rane","2020-12-11 06:58:17",0.78700
4530656,"Suyash Singh","2020-12-04 12:44:41",0.83695
4533019,Ghiles,"2020-11-29 18:15:12",0.81734
4536456,"Sajjad Ahmed Niloy","2020-11-26 08:23:10",0.83052
4545706,id2fik,"2020-11-25 11:07:34",0.83634
4547161,Carabancel,"2020-11-28 14:31:45",0.80876
4547235,earlee0412,"2020-11-11 14:57:39",0.83052
4548155,"Alon Wolf","2020-11-14 17:17:01",0.77566
4551000,utopfish,"2020-11-16 05:59:41",0.77413
4559925,"Elizaveta Nosova","2021-01-02 14:27:25",0.72724
4563424,LDAR,"2020-11-02 17:34:26",0.75789
4565786,"Salman Chen","2020-12-09 09:28:56",0.84584
4566296,"Edgar Napitupulu","2020-11-14 08:47:39",0.81612
4587617,Ameya,"2020-11-07 07:15:32",0.83879
4591162,"andi buwono","2020-10-30 07:37:40",0.80140
4607882,"Parikshit Samvatsar","2021-01-05 15:17:56",0.83542
4611574,"Siddarth Ganesh","2020-11-26 05:37:24",0.79834
4615289,IAmKaggled,"2020-12-12 18:17:38",0.78639
4627640,"Rico Hoffmann","2020-11-26 21:36:44",0.76432
4652249,"Bhujith Madav","2020-10-30 12:42:08",0.75329
4685690,"Mihir Chinchalkar","2020-10-29 05:49:19",0.83634
4707717,"Jean Ishimwe","2020-11-18 11:51:05",0.79558
4715182,"Bchiri Akram","2020-12-10 22:25:33",0.78761
4726816,"Vijaykrishna Burra","2020-11-21 21:18:38",0.79313
4744999,"Bechir Mlika","2020-12-23 18:24:45",0.57033
4751437,RaviTeja124536,"2020-12-27 06:41:58",0.80845
4751495,g3k0,"2020-11-05 02:19:15",0.73797
4759920,Just_Started_Already_Here,"2021-01-04 00:24:58",0.80784
4760165,Ojha,"2020-11-11 13:05:31",0.75543
4774411,"Tedeev Alan","2020-11-15 14:08:08",0.78302
4777694,"Dipit Jaywant","2020-11-03 11:40:39",0.80202
4786392,"Gu Yi","2020-12-18 19:09:39",0.84247
4787960,"DIALLO Youssouf ","2020-10-31 00:53:01",0.79803
4795026,"Leo Farhat","2020-11-17 15:17:56",0.79497
4801950,"Rakka Alhazimi","2020-11-20 08:00:49",0.81612
4816309,"Takanori Hasebe","2020-11-20 19:48:29",0.78424
4844500,melbourne903,"2020-11-07 12:49:38",0.80508
4847405,"Fig Tebe","2020-11-09 03:33:11",0.78516
4860955,"ewq we","2020-11-07 13:28:59",0.80508
4861187,"Bo Wu","2020-11-15 05:37:54",0.82623
4863730,"Rahul SR","2021-01-06 09:46:57",0.80294
4863954,"Vishnu Nkumar","2020-11-21 17:31:35",0.80631
4871476,"Claire Wu","2020-11-09 07:35:03",0.80324
4873835,santosh,"2020-12-10 11:26:43",0.80079
4890446,jasonlin1222,"2020-12-27 03:27:53",0.70763
4914178,"Satyam Prasad Tiwari","2020-12-11 04:28:27",0.80845
4915942,"Khaled Adrani","2020-11-20 19:54:30",0.57033
4925943,"Kelly Kamrath","2020-12-30 23:10:52",0.80079
4945088,"Shruti B","2021-01-02 18:40:55",0.80171
4958460,"kevin Claire","2020-11-15 13:00:19",0.82776
4965841,Catastrophe,"2020-12-20 08:42:32",0.83573
4983949,frankhjh,"2020-12-30 11:32:34",1.00000
4985488,"Mevlüt Hançerkıran","2020-11-08 19:27:00",0.79282
4991873,"Zeeniye _","2020-11-29 08:16:56",0.79957
5015898,REXIS,"2020-11-08 19:55:26",0.81826
5018770,jswxhd,"2020-12-01 22:20:20",0.83021
5025521,"Josh King","2020-11-03 01:09:26",0.79589
5044148,"Ng Xing Yu","2020-12-03 09:09:57",0.82837
5048676,skyler454515258,"2020-12-15 10:29:26",0.82224
5049411,"Rahul Bana","2020-11-03 10:30:49",0.82286
5052966,"Alex Vishnevskiy","2020-11-22 13:30:08",0.82408
5054529,"Anusikh Panda","2020-12-30 07:50:38",0.83941
5060006,yichen,"2021-01-04 12:17:01",0.83450
5062568,"Ayush Garg #2","2021-01-03 19:51:16",0.82102
5071272,Asia,"2020-11-23 13:44:11",0.83236
5103745,"James McGuigan","2021-01-04 00:08:06",0.79773
5122183,Ishant,"2020-12-18 04:53:38",0.82286
5131633,"Sai Chakradhar I","2020-11-02 11:26:08",0.79313
5134247,"Ciano Saraiva","2020-11-22 05:07:03",0.79895
5146234,"Digital AI","2020-11-25 06:12:02",0.57860
5153100,"Swapnil Bhange","2020-11-16 14:18:11",0.79834
5153352,"Naman Sood","2020-11-13 06:32:07",0.84768
5154759,akm132000,"2020-12-11 04:16:22",0.79619
5157073,MSR03,"2020-12-26 00:10:16",0.79436
5168752,"Jonathan Moore","2020-12-03 17:10:13",0.83052
5182773,YM2020,"2020-12-30 05:57:41",0.81366
5186727,"Kohei Shima","2020-11-01 01:53:35",0.80263
5196718,"Жапырақ Batyr","2020-11-01 10:36:04",0.83542
5200428,"Vivek Singh Rajput","2020-10-30 15:04:40",0.79742
5203342,AbelJADS,"2020-10-29 21:45:09",0.81489
5205975,"Henri von Franquemont","2020-12-27 01:06:44",0.82316
5208474,"Jack Chen","2020-12-15 00:37:05",0.76677
5218697,"Tejaswini Reddy","2020-12-08 22:13:22",0.82653
5222339,"KHALED MEBHAH","2020-12-22 12:45:12",1.00000
5223331,noele123,"2021-01-04 19:38:24",0.75329
5233766,masa-suke,"2020-10-31 21:16:35",0.78057
5241830,"Anshul khandelwal ","2020-12-28 05:50:54",0.79834
5264900,"Escaping One","2020-12-29 05:36:24",0.83757
5266254,zsy235,"2020-11-05 15:25:56",0.84431
5268907,"Lisa Hwang","2020-12-17 21:56:02",0.79773
5269413,eco,"2020-11-01 14:26:18",0.82684
5270674,jagat,"2020-11-02 04:44:44",0.79711
5272618,"Berisha Gelebo","2020-11-12 14:53:59",0.79619
5279007,CanIALugRoamOn,"2020-11-10 18:26:23",0.78853
5285249,"Kushal Navghare","2020-12-11 20:20:10",0.57247
5292740,Avinashhsharma,"2020-12-01 19:01:13",0.55041
5293402,"Bogireddy Teja","2020-12-04 23:59:44",0.81244
5296968,"We Torture Data","2020-11-23 07:01:14",0.80110
5307651,"Sergey Artamonov","2020-11-22 10:17:02",0.79834
5311005,"Anish Ghiya","2020-11-30 11:06:19",0.84891
5317819,"Rayudu Adabala","2021-01-04 11:34:40",0.80600
5320770,"Madhavan Venkatesh","2020-12-31 07:49:54",1.00000
5322939,NM,"2020-12-01 14:19:15",0.76064
5324187,"Ajaypal Singh ","2020-11-04 10:59:04",0.57033
5334081,"Reejung Kim","2020-12-16 19:13:37",0.57033
5334980,"Juan Martínez","2020-11-17 15:56:58",0.79160
5343385,"Shikhar Raj","2020-11-15 15:58:34",0.78608
5343547,"Munjal Desai","2021-01-03 05:59:26",0.79834
5344709,"Yash Khandelwal","2020-12-28 04:38:08",0.79068
5347941,"Denis Koksal-Rivet","2020-12-10 11:53:26",0.77842
5351659,hjunjie,"2021-01-06 02:23:33",0.82255
5354734,jason,"2020-12-25 21:10:49",0.83328
5357820,"Vishal Gupta #2","2020-11-23 17:40:12",0.79068
5365329,"chitresh vardhan","2020-11-22 06:22:03",0.83757
5366120,AKlimasauskas,"2020-12-21 19:14:35",0.81366
5368600,"Anita Igbine","2020-11-27 12:45:49",0.76279
5371891,"Naim Mhedhbi","2020-11-28 19:36:11",0.82868
5372047,"PTRP PREEGRAN","2020-11-07 14:12:46",0.78945
5382901,sshuri,"2021-01-05 11:26:52",0.83450
5383555,MANOJ,"2020-10-30 06:23:19",0.79129
5384536,"Frank Mollard","2020-12-22 11:57:19",0.80631
5384898,"Preeti Singla","2020-10-29 17:49:56",0.78731
5385303,Hsiang,"2020-12-13 04:15:22",0.81458
5385972,"Umair Ansari","2020-12-08 16:15:09",0.84584
5387493,BJ2M,"2020-11-04 08:44:39",0.76463
5391008,"devendra rasmeriya","2020-10-31 19:27:21",0.83481
5394739,SurbhiKakar,"2020-11-01 11:08:44",0.71314
5396347,ChrisSolomou,"2020-12-17 21:05:51",0.72509
5398059,"Michael Mutale","2020-12-14 13:52:40",0.79436
5400356,Abhay,"2021-01-06 07:50:50",0.78455
5404277,Kash,"2021-01-02 12:42:18",0.80508
5404702,"William Yu","2020-10-28 23:47:13",0.81152
5407210,"Ankit Lodh","2020-12-01 06:45:19",0.76708
5412314,vithal,"2020-11-16 06:01:40",0.79619
5413966,NewBeatle,"2020-11-27 09:12:04",0.53386
5424632,"Tracy Porter","2020-11-01 22:26:18",0.78363
5424675,SigalTeam5,"2020-11-01 22:53:23",0.81734
5429047,"GuanLong Lyu","2020-10-30 16:09:18",0.78363
5437352,"Denis Grushentsev","2020-11-22 22:35:29",0.81091
5437989,"Tushar Koley","2020-11-22 10:51:28",0.80079
5438543,"Anubha Singh","2020-11-30 12:25:54",0.81918
5440274,janimo,"2020-12-16 09:08:40",0.82837
5446402,Kandesai,"2020-11-28 14:03:26",0.83604
5448293,Doorothy,"2020-11-05 10:54:23",0.69935
5450160,"M Yasin Yildirim","2020-12-13 10:22:28",0.79742
5450277,"Wamuyu Wanjohi","2020-11-18 15:42:15",0.78026
5454186,paul77ms,"2020-11-23 22:30:53",0.74961
5458304,nt18,"2020-11-23 03:07:40",0.79773
5459579,"Mark de Courcy Ling","2020-12-22 18:56:55",0.81121
5461895,Mano_hack,"2021-01-02 13:40:21",0.78884
5463673,harshs_21,"2020-11-23 08:59:33",0.80416
5463970,"Vivek Sanjay Pisal","2020-11-05 03:38:24",0.79190
5464309,shubham108,"2020-12-08 12:02:39",0.82837
5467851,"Pawan Bisht","2020-12-23 05:40:55",0.81336
5469355,"Midhilesh Momidi","2020-12-30 17:19:52",0.78639
5473521,"Shubhangi Dabral ","2020-12-01 04:02:39",0.78302
5476507,"Rohan Chitale","2020-11-19 04:51:19",0.79957
5482411,Ronak,"2020-11-14 05:14:44",0.80110
5483146,"nneka onwueme","2020-10-29 20:45:07",0.79313
5486556,hansan,"2020-12-10 22:59:20",0.80815
5487910,"Sharvil S","2020-11-17 18:21:06",0.79619
5489954,BhavyaShah1205,"2021-01-05 19:11:34",0.75053
5493195,"Christina Young","2020-11-06 21:19:18",0.79190
5494954,"Alexander Tyurin","2020-12-18 13:41:18",0.82623
5498537,"Anubhav Gupta #2","2020-11-27 01:48:54",0.54857
5502180,"Neil Gibbons","2020-11-03 15:05:07",0.79497
5524313,Newbbiee,"2020-12-04 05:22:15",0.84063
5525895,"Lev Novitskiy","2020-11-01 22:25:53",0.80478
5527707,"Apeksha Agnihotri","2020-11-25 07:32:47",0.75942
5528747,samjain,"2020-12-28 06:26:54",0.81060
5529809,"Vaishnavi Khilari","2020-12-11 14:37:38",0.83512
5532922,Plasma.ichor,"2020-11-30 07:12:14",0.79374
5534580,"Prakhar Prasad","2020-11-27 17:13:05",0.79926
5535682,souroy12,"2020-12-15 16:22:56",0.79650
5535899,ronkow,"2020-11-23 10:29:23",0.79466
5541503,"Huy Hoang Minh Cu","2020-11-25 06:32:06",0.80999
5545608,"Alan Kashkash","2020-11-08 23:35:18",0.56757
5548992,"liu df","2020-10-29 15:25:17",0.81366
5550940,"Việt Hùng Hà","2021-01-03 13:59:21",0.79619
5558050,RuofeiX,"2020-11-14 18:21:43",0.81489
5565137,xiebing,"2020-12-17 01:07:59",0.83113
5565441,"PJ Sison","2020-11-29 02:48:42",0.79221
5565869,"Kendall Kikkawa","2020-11-14 08:48:33",0.78026
5566640,Arshdeep,"2020-11-25 22:33:11",0.78761
5570573,"Marek Pol","2020-11-10 09:16:52",0.81765
5574064,"Jonas Laya","2020-11-06 01:29:00",0.79803
5578425,"Moussa SACKO","2020-11-24 10:48:53",0.80447
5582762,"Jake R Embrey","2020-11-17 08:46:34",0.80232
5592968,"kapil vaishnav","2020-11-08 20:26:49",0.79834
5594033,"Tim Jewison","2020-11-04 06:15:41",0.75206
5594884,"Sam Kaplan","2020-11-17 07:00:24",0.80232
5601347,"Tyler Tran","2020-12-03 17:32:33",0.79650
5602000,"Samawel JABALLI","2020-12-28 10:51:04",0.80049
5602566,garygarygary852,"2020-12-24 08:32:55",0.80018
5603749,elambrop,"2020-11-22 08:50:23",0.79466
5603766,"Abhishek Tyagi","2020-12-08 08:23:40",0.79711
5605213,Ezeanyi,"2020-11-21 20:26:03",0.82960
5605915,"Sara Guimaraes Negreiros","2020-12-18 17:35:16",0.77689
5607883,"Kyrie Du","2020-12-18 12:39:33",0.77842
5608104,"Debolina Chakrabarty","2020-11-20 20:40:45",0.80079
5612185,"Bobby Shukrallah","2020-11-06 17:38:07",0.81520
5617156,"Navoneel Chakrabarty","2020-11-25 09:15:16",0.79987
5618061,"Paulina Sz","2020-11-29 21:50:15",0.78761
5625395,dnlgsv,"2021-01-02 19:10:20",0.79436
5626235,"Anirudh Naik Gaunker","2020-12-17 16:15:08",0.82194
5632800,"Victoria Lokteva ","2021-01-05 19:08:33",0.79773
5644741,"sriram manikumar","2020-11-29 22:06:36",0.77076
5645704,"Indranil Biswas","2020-11-12 14:19:04",0.62611
5646748,"Ahmed AbdelRaouf","2021-01-03 00:26:39",0.79711
5649052,"Shivansh Pandey","2020-11-01 03:28:57",0.79436
5654396,"Laurent Tapiau","2020-11-22 09:15:50",0.83297
5656420,"Mahiro Fukuda","2020-11-01 04:07:50",0.71161
5657939,"Carlos Romann","2020-11-03 03:09:12",0.79619
5658338,hak999,"2020-11-06 00:23:04",0.81887
5658390,"Jonah White","2021-01-05 02:50:18",0.62151
5658428,"Hector Garrido","2020-12-21 04:57:41",0.78945
5658874,"Allan Bishop","2020-10-28 23:01:53",0.78424
5658956,"Arnav Sharma AS","2020-12-19 23:02:15",0.80171
5658999,gustavomoty,"2020-11-05 00:51:49",1.00000
5659696,"Hvi Singh","2020-12-12 06:30:24",0.79681
5667228,"Sasmit Das","2020-10-31 06:53:02",0.82470
5671051,"felix felicis","2020-10-29 21:41:39",0.83573
5671265,"Soumyadeep Bhattacharjee","2020-10-30 13:54:13",1.00000
5672571,"Kiran James","2020-10-30 12:04:52",0.79711
5672924,"Zaicy Xu","2020-12-20 09:34:55",1.00000
5675217,Ken160,"2020-11-03 14:03:11",0.79711
5676262,"Robby Sharma","2020-11-26 23:44:28",0.79957
5679240,"Ravi Jambhale","2020-10-30 15:43:45",0.78516
5679778,"Roman Postnikov","2020-11-20 13:53:54",0.79619
5680203,CasanovaL,"2020-12-24 09:45:23",0.83971
5680419,[Deleted],"2020-12-10 07:54:38",1.00000
5683521,rucheiitr,"2020-12-15 19:34:34",0.78240
5684376,NUDT_DZY_DM2020B_LJX,"2020-11-19 10:37:29",0.79068
5684434,"Dong #2","2020-11-06 06:04:53",0.79282
5685151,"Bo Deep","2020-11-16 11:42:26",0.79650
5686361,"Nebojsa Jukic","2020-10-29 00:25:29",0.78394
5687906,"Phaneendhar Thota","2020-10-31 12:37:59",1.00000
5688448,EsraaHosny,"2020-10-29 05:00:47",0.79344
5688919,VarshaMvr,"2020-11-15 04:35:43",0.80049
5688973,"yh chen_xt","2020-12-20 06:29:57",0.80999
5693009,ericrock1,"2020-11-04 08:16:35",0.80631
5693557,"Mireya Garza","2020-12-10 03:01:11",0.79711
5694268,Cathykc,"2020-11-08 15:20:02",0.83420
5695699,makoto,"2020-11-08 23:04:36",0.80600
5696324,tim80256,"2020-11-14 03:25:26",0.78792
5697462,"Kat K","2020-10-31 04:55:25",0.79865
5701032,"Muhammad Shahzad","2020-11-09 15:49:09",0.80600
5701183,ggodefroy,"2021-01-05 16:11:24",0.79558
5701473,Lion,"2020-11-05 12:12:50",0.79650
5701496,ucchiii,"2020-12-15 02:31:35",0.84768
5701896,Deciduous--,"2020-11-04 17:26:54",0.22647
5703393,"meredith Ma","2021-01-05 10:40:32",0.79681
5703550,"Maxim Bravo","2020-10-29 18:45:49",0.81213
5703762,GakuTanabe,"2020-11-17 01:19:08",0.84033
5704372,IST557_Fa20_D2,"2020-12-02 05:07:02",0.84002
5704877,feBueno,"2020-11-10 16:34:27",0.79282
5704931,gonzo,"2020-12-21 01:35:28",0.76310
5705038,BestTUDSIChittana,"2020-11-23 13:28:05",0.82837
5705216,"Dmitry Manoshin","2020-11-05 10:18:30",0.82929
5706075,Serishko,"2020-11-08 18:25:15",0.79773
5706148,ryotashi29,"2020-12-21 10:15:28",0.84799
5708536,"Tyler Lang","2020-11-07 01:09:54",0.61201
5709230,"Vito Ghifari","2020-10-30 03:19:24",0.79558
5710115,kampau,"2020-11-10 16:17:22",0.83941
5710401,"Gaurav Tikhe","2020-10-30 17:48:58",0.79742
5710553,"Alaksandar Salajka","2020-10-31 15:52:27",0.80508
5710641,jaypatil4739,"2020-10-30 12:11:28",0.57033
5710821,"Woo Seok Jung","2020-12-11 11:59:03",0.79374
5710942,hartdom33,"2020-12-15 15:19:00",0.79589
5712250,"Tristan Nolde","2020-11-06 17:16:48",0.78057
5712496,"Alfred Prah","2020-11-19 01:14:12",0.81060
5713057,shaumik_ashraf,"2020-10-31 02:20:01",0.79160
5713522,"Zeeshan Patel","2020-12-21 02:13:49",1.00000
5715580,hitoKim,"2020-12-16 02:09:23",0.78792
5715713,sweetspot00,"2020-12-03 08:23:08",0.76126
5716339,"Sanket Kotkar","2020-10-30 16:32:00",0.78915
5716369,"Chinmay MANGESH Bhalerao","2020-10-30 06:19:03",0.59852
5716662,"Ashwin Lahorkar","2020-11-10 19:21:41",0.80907
5716736,"Amedia Fujiwara ","2020-11-06 21:51:45",0.81703
5717681,FunnyR4bbit,"2020-10-29 12:49:44",0.79007
5718664,"Russell Bingham","2020-10-30 03:01:38",0.78976
5721172,"Thomas Delecourt","2020-11-07 17:04:51",0.80570
5721201,IST557_Fa20_D8,"2020-12-13 18:18:49",0.84921
5722242,"Tofig Bakhshiyev","2020-11-01 19:26:01",0.79221
5722381,"Julia Mnk","2020-11-29 08:32:09",0.80386
5722661,"Bhargav #4","2020-11-07 04:39:30",0.71621
5723161,"James Corbin","2020-11-11 18:34:19",0.82531
5723463,"Ashraful Islam Emon","2020-12-17 11:09:26",0.79619
5724080,sayalisalunkh,"2020-10-31 16:12:37",0.57523
5724556,"Maunil Shah","2020-10-29 16:57:33",0.57186
5725405,"Tejas Sutar","2020-11-06 14:36:04",0.57033
5728016,cchakons,"2020-11-06 15:26:00",0.83297
5729804,Artur_Sar,"2020-11-06 08:27:09",0.79098
5730258,"Rohan Paul","2020-12-15 07:23:54",0.81673
5730527,"Les joyeux lurons","2020-11-17 11:58:06",0.82439
5730701,efrainpalacios,"2020-12-04 16:16:09",0.76248
5730763,Brit,"2020-12-03 06:06:43",0.84247
5730800,IST557_Fa20_D3,"2020-12-13 20:38:41",0.84523
5731536,"Danuka Theja","2020-11-11 17:28:52",0.83542
5732122,"Tumanov Alexander","2020-12-04 00:21:47",0.81826
5733198,themoonboy,"2020-11-28 20:00:19",1.00000
5733510,"Alagiyawanna A.M.A.I.S","2020-12-08 09:45:50",0.78424
5734211,"Biju Sasidharan","2020-12-17 06:46:20",0.83266
5734483,Ravikiran,"2020-11-01 14:27:06",0.74685
5736133,"Taegyoon Kim","2020-12-03 13:47:07",0.84002
5736450,"Mohamed El Baghdadi ","2020-10-28 22:36:35",0.77719
5737208,"Miguel González","2020-11-13 17:41:42",0.80110
5737418,vad13irt,"2020-12-26 21:20:36",0.74318
5737616,"Omar Souaidi","2020-10-29 10:18:06",0.83328
5737877,"Christian Savarese","2020-11-03 23:37:10",0.79987
5738239,IST557_Fa20_D1,"2020-12-04 04:22:20",0.84278
5738789,"Simaran Vohra","2020-11-20 03:25:27",0.79834
5738974,"Yuansong Feng","2020-11-08 09:02:29",0.80447
5739053,"Harshal Pohekar","2020-10-30 08:49:46",0.80140
5739674,SahilMahajan375,"2020-10-30 19:11:00",0.69475
5739805,"ZhiCheng Fu","2020-11-06 09:20:15",0.80692
5739913,"Ashique E Elahi ","2020-10-30 04:46:59",0.74103
5739925,"rani godase","2020-10-29 10:19:31",0.79987
5739948,LYH111,"2020-12-23 17:52:27",0.84370
5740022,"Kevin Wibowo","2020-11-23 08:20:15",0.79711
5740134,Sora_SL,"2020-11-22 01:52:13",0.71437
5741028,"Farhad Panthaki","2020-10-30 14:44:29",0.78424
5741720,TEKP,"2020-12-28 07:24:37",1.00000
5741745,"ali aminian","2020-12-30 13:32:38",0.56144
5742595,"Xiao Wang","2020-10-30 02:49:57",0.78608
5742607,IST557_Fa20_D5,"2020-12-04 01:44:45",0.85075
5742771,"Fellah Zakaria","2020-12-03 03:58:36",0.84707
5742803,"ivan dozoretz","2020-11-03 21:10:55",0.79711
5742837,IST557_Fa20_D9,"2020-12-04 03:13:43",0.84216
5744035,"Harshit #4","2020-10-30 08:19:49",0.80815
5744401,IST557_Fa20_D6,"2020-12-02 22:21:04",0.84186
5744659,"Nikhil John","2020-10-29 10:00:17",0.79497
5745858,"Vladislav Leonov","2020-10-29 16:05:33",0.80049
5746163,"Pavel Bulgakov","2020-11-15 09:16:32",0.84431
5746195,"Mate Varadi","2020-12-06 19:13:59",0.78945
5746643,"Nick #6","2020-10-29 18:23:25",0.55807
5746805,IST557_Fa20_D10,"2020-11-13 03:04:41",0.84891
5747637,"simon wambua","2020-11-03 14:33:19",0.78087
5747891,"IST557_Fa20_D1 #2","2020-10-29 20:12:42",0.79282
5747939,Heera,"2020-10-30 19:21:31",0.78761
5748051,"Jinfang Cui","2020-10-29 20:52:21",1.00000
5748291,hecancode,"2020-10-29 22:20:09",1.00000
5748608,IST557_Fa20_D4,"2020-12-10 18:04:57",0.83665
5749123,"Devendra Vavale","2020-11-06 11:18:40",0.80171
5749199,"tanvi j","2020-10-30 07:20:13",0.77811
5749249,"Hudson Wu","2020-12-11 16:52:53",0.84523
5749306,NoorPS,"2020-10-30 08:12:11",0.79834
5749350,"Kaustubh Hadke","2020-10-30 07:14:30",0.79650
5750622,HEroKuma,"2020-10-30 12:59:23",1.00000
5751078,warmup,"2020-11-05 06:07:38",0.82929
5751697,kunal,"2020-11-01 05:00:13",0.83297
5752057,"Anass Aljarroudi","2020-10-30 16:29:57",0.85044
5752101,"Sagar Chaudhari","2020-10-30 16:51:30",0.78761
5752284,"Alejandro Perez","2020-11-18 11:06:53",0.83420
5752448,"Bast Rob","2020-10-30 20:58:25",0.81918
5752711,"Diana de la Iglesia","2020-10-30 23:00:01",0.57033
5752842,Brahm,"2020-10-31 16:57:26",0.57707
5754094,"Saurav #4","2020-10-31 06:58:03",0.78823
5754310,"Suprita Biswas","2020-10-31 10:31:00",0.78853
5754649,flyofthekings,"2021-01-05 14:52:19",0.79773
5754972,"Piyush A","2020-10-31 15:37:56",0.80416
5755007,"vish #2","2020-10-31 12:40:16",0.78853
5755202,Nishan,"2020-11-19 15:40:50",0.73643
5755306,tokyocity,"2020-11-10 02:27:55",0.79466
5755335,PranjalT,"2020-11-04 17:15:13",0.74532
5755595,"andy low","2020-12-27 14:27:36",0.82224
5757152,happylulu,"2020-10-31 23:01:00",0.79037
5757717,"Rahat Anwar Khan","2020-11-06 04:37:36",0.78057
5758608,"masoud parpanchi","2020-11-04 09:28:51",0.79711
5759407,mmrkn0131,"2020-11-01 14:45:01",0.78057
5759781,Bikash,"2020-11-01 17:31:34",0.79129
5759895,degroen,"2020-11-24 15:11:56",0.81213
5760432,"Nayak Roshan","2020-11-11 08:58:26",0.68954
5760528,"Hazem Chaabi","2020-11-01 20:49:51",0.82347
5760729,"Anirudh Singh Chauhan #2","2020-11-12 17:43:18",0.76402
5760779,"Gaurav Sikri","2020-11-19 07:20:49",0.78761
5761490,"Fan team","2020-12-07 23:41:06",0.82439
5761685,wacits,"2020-11-02 14:45:58",0.83604
5761891,naexuis,"2020-11-14 00:15:01",0.79742
5762167,"Jhansi Munagala","2020-11-08 19:32:35",0.80661
5763013,"Nagarjun M","2020-11-02 10:07:14",1.00000
5763076,GTSGTS,"2020-11-12 00:11:11",0.83450
5763709,OM_The_Tortoise,"2020-11-21 13:39:37",0.83512
5763942,"Oumaima Bentakhou","2020-11-02 20:48:10",0.79344
5764254,"Oscar ST","2020-11-03 11:55:15",0.79436
5764631,"Mohd Aquib","2020-11-03 16:51:51",0.82224
5765151,"Naseer Faheem","2020-11-08 22:41:27",0.84523
5765213,"Christopher Reimann","2020-11-30 18:36:37",0.80907
5765359,HopeGoodDay,"2020-11-03 01:29:02",1.00000
5765523,"Nikhil and Eric","2020-11-02 22:43:24",0.61293
5765822,"Swaraj Chaudhari","2020-11-02 17:53:29",1.00000
5766883,Mais,"2020-11-03 18:03:19",0.78087
5767365,HongJinWon,"2020-11-14 11:29:51",0.77444
5767866,Kerry,"2020-11-08 18:15:46",0.79007
5767927,"Kushagra Sharma","2020-11-03 16:31:44",0.79160
5768920,viranjan,"2020-11-08 07:21:30",0.79497
5769817,"Mert Aslan","2020-12-19 21:09:33",0.57033
5772547,"Tom Haynes","2020-11-11 21:40:49",0.79589
5773044,HariniAnand03,"2020-11-08 05:40:26",0.79344
5773120,N&C,"2020-12-23 01:31:42",0.56910
5773576,BeyzaaK,"2020-11-04 09:47:13",0.78057
5774329,"Saida Mansim","2020-11-05 22:50:47",0.79681
5774371,"MD. Safayet Islam","2020-11-04 10:06:31",0.76064
5774886,HoLoong,"2020-11-05 08:06:00",0.83052
5774935,"allam taju sarof","2020-11-05 02:42:21",0.78148
5776675,"Israel Tan","2020-11-06 16:36:43",0.78976
5776723,"Joshua Fritz","2020-11-08 21:48:13",0.76156
5776974,"Mehmet -lauda- Tekman","2020-11-05 14:18:48",0.81060
5777159,xTimPugz,"2020-11-05 20:37:08",0.76861
5777293,"Devanshi Verma","2020-12-04 02:10:56",0.84247
5777461,"A Lilac","2020-11-05 21:07:50",0.79558
5778888,LauraFanelli27,"2020-11-06 22:49:04",0.76432
5779571,"JC #2","2020-11-07 05:05:07",0.68280
5779658,"Ann Serkina","2020-11-11 16:38:23",1.00000
5779660,"Pankratova Anna","2020-11-11 08:30:42",0.83083
5779966,"Kristina Merentsova","2020-11-05 12:24:15",1.00000
5780220,"Gaurav Kumar Singh","2020-11-05 08:33:31",0.83481
5781532,"Rahul Jadhav","2020-11-13 16:49:36",0.79650
5781633,AshishSingh226,"2020-11-07 11:05:51",0.79865
5782171,"Zhenfei Li","2020-11-05 14:50:44",0.78057
5782626,eri24816,"2020-12-25 06:52:04",0.77842
5783424,"Jessie Leung #2","2020-11-06 03:24:55",0.80140
5783425,"Evgeny Ialin","2020-11-05 19:25:58",1.00000
5784048,Raposa,"2020-11-28 23:31:53",0.79436
5784113,"Carlos Ochoa","2020-11-09 05:09:54",0.76861
5784467,ScottUrbina,"2020-11-20 23:45:35",0.78639
5784676,"Ethan Cole","2020-11-06 03:35:45",0.81428
5785214,cshu,"2020-11-06 04:55:31",0.78179
5785482,RollingKirby,"2020-11-29 05:27:03",0.79619
5786786,"kamlesh satish shimpi","2020-11-07 12:25:20",0.76187
5787964,rohanp2799,"2020-11-08 15:28:00",0.79528
5788330,Pushmech96,"2020-11-08 15:44:47",0.68372
5788523,"Giorgos Aivatoglou","2020-11-06 18:33:06",0.79374
5788595,HariniKAnand,"2020-11-06 18:30:14",0.79313
5788922,"Sachiko Hasumi","2020-11-07 23:03:41",0.49402
5788959,"HK Anand","2020-11-07 00:04:24",0.79313
5789285,WilderJoseth,"2020-11-07 04:16:24",0.79926
5789633,"Xuanyong Wu","2020-11-22 09:54:46",0.79926
5790032,"Harini Kalahasti","2020-11-07 04:11:56",0.79497
5790051,"Eliana Goretti","2020-11-09 00:49:33",1.00000
5790175,"Zach Weaver","2020-11-07 05:56:49",0.79528
5790324,"Aryan Sakhala","2020-11-27 13:51:18",0.79558
5790438,"Jeff Mats","2020-11-09 03:42:14",0.80508
5790775,"Haseeb Shah","2020-11-07 08:10:26",0.83726
5790782,"Kevin D. Cho","2020-11-08 12:05:35",0.78179
5791019,Clueless,"2020-11-07 10:53:33",0.77076
5791038,btt,"2020-11-12 12:23:06",0.79926
5792013,"Jayda Koland","2020-11-07 23:08:19",0.73460
5792546,"chad cozean","2020-11-07 19:08:23",0.79834
5792627,abdul,"2020-11-11 02:09:12",0.83849
5793007,"Niv Yul","2021-01-04 21:29:17",0.80999
5793270,"Rayen Atallah","2020-11-08 00:08:09",0.78547
5793287,Silentspeed.com,"2020-11-09 06:37:52",0.78516
5793529,"Anil Singhal","2020-11-08 02:08:40",0.78486
5793534,YibingZhu,"2020-12-19 15:12:11",0.80110
5794044,jianghuiyun,"2020-12-08 01:58:47",0.78240
5794250,"Wimolchat A","2020-11-24 13:39:18",0.80661
5794723,hoochg,"2020-11-17 15:18:24",0.78731
5795424,"Liang Dongqing","2020-12-22 06:25:35",0.84216
5795513,"Samir Thapa","2020-11-20 08:06:36",0.77474
5795516,"Sharif Elfouly","2020-11-13 17:10:24",0.81244
5795536,"Berk Gokoglu","2020-11-14 20:08:34",0.75819
5796126,"Mairead Lavery","2020-11-09 00:17:38",0.81274
5796596,"Mustapha Hankar","2020-11-09 20:00:28",0.79160
5796643,ALPHAQ,"2020-11-30 06:38:40",0.80386
5797022,"Matthew Fullhart","2020-12-06 18:31:46",0.78669
5797028,"Kyusou Sim","2020-11-08 23:38:27",0.74808
5797120,new_account,"2020-11-09 00:51:26",0.79129
5797126,KKonik,"2021-01-01 21:17:34",0.75421
5797306,"Klaudia Dikunow","2020-11-28 17:27:15",0.70609
5797872,"Kyla Ronellenfitsch","2020-11-28 02:03:41",0.80876
5798069,kyle-cloud,"2020-12-04 12:32:47",0.83726
5798533,"HARUMASA SUZUKI","2020-11-09 10:13:10",0.83941
5798793,"Aditya Vashista","2020-11-09 10:18:53",0.83941
5798861,"Sahil #3","2020-11-09 06:04:15",1.00000
5799101,nishu20,"2020-11-15 13:06:42",0.84063
5799681,IgorYunusov,"2020-11-09 12:04:18",0.83236
5800194,kimjh12,"2020-11-10 12:47:18",0.77536
5800222,"andrea jacassi","2020-11-12 17:19:06",0.83297
5800659,"Dina Andrei","2020-11-10 16:30:36",0.65553
5800722,"Takeshi Maruyama","2020-11-12 13:06:39",0.79987
5801434,"Dhruthick Gowda M","2020-11-09 16:19:32",0.77719
5801781,"Sakshi Maharana","2020-11-21 18:27:30",0.80232
5801874,Georgii1911,"2020-11-09 16:54:57",1.00000
5802010,stoffy,"2020-11-11 19:26:42",0.81673
5802118,"Naoki Yokoyama","2020-12-24 01:36:20",0.79252
5802269,"Shubham Dharashivkar","2020-11-09 19:54:04",0.78087
5802766,"Joel De la Cruz Fuertes","2020-11-19 16:51:41",0.81703
5803754,eschibli,"2021-01-06 03:44:28",0.84002
5804808,Israaalnabrisi,"2020-11-10 15:08:04",0.77229
5805180,lensla,"2020-11-10 09:35:50",0.81703
5805241,lailai,"2020-11-16 15:27:32",0.78486
5805479,"Ludovic Jeanront","2020-11-11 11:11:21",0.76494
5805563,xwyzsn,"2020-11-10 12:49:53",0.79221
5806154,"wael chabchoub","2020-11-10 15:13:19",0.77873
5806296,"Qiushi Wang","2020-12-08 20:47:14",0.83113
5806583,"Pooya Chavoshi","2020-11-21 11:55:09",0.80018
5806714,"Julien Verdun","2020-11-27 15:10:07",0.79558
5807054,"Deepak 4145","2020-11-12 06:20:52",0.78792
5807337,"Jonathan Paserman","2020-12-12 10:59:12",0.80049
5807909,"Andrii Krupka","2020-11-16 14:43:22",0.83144
5808580,"Sheethal Thankachan","2020-11-27 05:07:23",0.83879
5808582,"Tillu Balaji","2020-11-11 04:06:39",0.55041
5808769,EE258_F20_TWIT,"2020-12-12 21:20:17",0.83297
5809482,BERT_NLP_206,"2020-11-19 03:25:21",1.00000
5809524,Raksha5,"2020-11-11 06:54:32",0.78087
5809557,DEEPSHAH,"2020-11-11 08:40:42",0.71621
5809582,sagarkhambad,"2020-12-04 05:39:58",0.78608
5809886,Nuray15,"2020-11-11 09:20:06",0.79252
5810058,"natakorn juntana","2020-11-25 14:13:57",0.80079
5810148,EE257_SP20_EiEi,"2020-12-14 09:57:16",0.79834
5810172,"MANATSAWEE WUTTICHARN","2020-11-19 04:19:47",1.00000
5810214,"Sergey Kosterin","2020-11-14 22:28:10",0.80294
5810449,"Avinash Kanumuru","2020-11-12 03:15:21",0.79098
5810512,"Allstars 2172","2020-11-11 13:24:38",0.81795
5810652,"Adarsh Singh rathore","2020-11-11 12:04:40",0.59760
5810821,"EMMANUEL OLADEJO","2020-11-11 12:02:15",0.57033
5811340,"IGOT7 LOVEGOT7","2020-11-25 14:29:37",0.80079
5811883,bubbadawg,"2020-11-12 10:27:46",0.79865
5812087,"Vasev Alexey","2020-11-11 16:45:49",1.00000
5812204,"Razvan Andrei MATIŞAN","2020-12-28 22:48:44",0.80018
5813053,Rzhong2333,"2020-11-19 04:32:03",0.79405
5813120,"Filipe Thomaz","2020-11-11 22:13:29",0.78700
5814785,"xiaojuan liu","2020-11-14 08:20:30",0.79313
5815383,"Yahoo NLP","2020-11-27 06:59:20",0.79282
5816880,mattpodolak,"2020-11-12 19:42:42",0.70824
5817292,"Bucks pin","2020-11-19 20:05:28",0.82653
5818683,managetopia,"2020-11-12 23:07:09",0.80753
5818997,"Bolade Victor","2020-11-16 23:49:30",0.00000
5819698,"Frank De La Mota","2020-11-13 07:44:39",0.78087
5820261,"Code and Croissant(C&C)","2020-11-21 18:31:02",0.79589
5821652,Ludo,"2020-11-13 16:41:45",0.79098
5821696,frij_ole,"2020-12-22 10:56:20",0.84063
5821779,"Ashutosh Barkule","2020-11-20 04:49:30",1.00000
5821837,3GirlsTech,"2020-11-19 07:56:10",0.80447
5821983,leloe97,"2020-12-21 14:52:10",0.85075
5822260,[Deleted],"2020-11-20 17:19:12",0.65430
5822374,Imma_die_now,"2020-11-25 14:24:38",0.80508
5822473,"b07901062_and the boys","2020-12-02 05:30:21",0.78118
5822571,"ayush Kumar63","2020-11-14 14:43:56",0.57033
5822712,"Muhammad Hasnain Khan","2020-12-10 18:44:10",0.95801
5822862,BaoNguyen,"2020-11-15 05:21:50",0.79681
5824009,EE258_F20_AO,"2020-12-03 08:21:07",0.77903
5824098,"Yash Patel","2020-12-12 11:21:32",0.53968
5824352,"PARUL BANSAL120499","2020-11-14 08:13:40",0.97793
5824557,"Shivam Shivi","2020-11-14 08:06:59",0.99724
5824914,"Nattachan Ningnoi","2020-11-14 11:09:57",1.00000
5825457,"Pulkit Gupta #2","2020-11-25 12:12:30",0.78823
5825584,"Ishaan #3","2020-11-23 07:29:00",0.82378
5825770,"Simon Safonov","2020-11-23 16:03:46",0.74103
5825937,"Abdul Rehman 555","2020-11-18 10:08:10",0.79068
5826239,"Chen Zhang","2020-11-20 13:03:25",0.79037
5826316,"Arnav Gupta","2020-11-14 17:58:30",0.79834
5827044,"Orlando Avalos","2020-11-14 22:27:18",0.79926
5827541,"ryosuke kuwahara","2020-11-23 01:29:12",0.78424
5827876,"raghav jha","2020-11-28 09:33:00",0.57033
5827931,"lazy girl","2020-11-25 17:26:43",0.80079
5828284,benaf,"2020-11-21 09:03:18",0.57033
5828748,ML_BIKRANT,"2020-11-15 18:25:33",0.79466
5828857,"Jatin #4","2020-11-15 16:47:27",0.77627
5828908,Gowtham_Tnvs,"2020-11-15 11:49:50",0.78577
5828957,"VARINDA RANI","2020-11-21 18:28:07",0.00000
5828972,"Jean Constantin","2020-12-27 23:31:01",0.79436
5829248,"Luv Khandelwal","2020-11-16 11:32:28",0.80049
5829352,"Ryogo Oshigoe","2020-11-15 12:42:00",0.78118
5829678,"Omar Kanan","2020-11-15 19:03:14",0.82776
5829892,"SH1VAM GARG","2020-11-15 15:05:16",0.77965
5830175,"tushar dobhal","2020-11-20 07:53:44",0.80294
5830985,bond007,"2020-12-29 07:36:22",0.80171
5831427,tru2life,"2020-11-23 02:11:56",0.79650
5831962,Grand_Master,"2020-11-20 03:57:37",0.84094
5832406,"Boyang Bao","2020-11-16 04:35:13",0.83941
5832625,An.ach,"2020-11-20 04:27:21",1.00000
5833024,looktarnsrp,"2020-11-20 04:23:52",0.79711
5833702,valp998,"2020-11-19 13:57:52",0.77658
5833870,makaryb,"2020-11-22 13:35:33",0.75022
5834234,"Boris Louchart","2020-11-16 14:22:13",0.78210
5835342,supernova93,"2020-11-18 22:40:18",0.79436
5836746,"Lauri Huhta","2020-11-21 19:15:30",0.79528
5837133,"Gary Aflalo","2020-11-16 20:15:16",0.79619
5838490,"Rodi Günçü","2020-12-16 21:43:08",0.66809
5838943,"Lucas Dutra","2020-11-17 01:02:05",0.75789
5840704,206_DSI_multiNB,"2020-11-26 12:33:00",0.79436
5840863,Les_Feuilles_Mortes,"2020-12-02 08:11:23",0.82531
5841165,"SHUBHAM GOYAL","2020-11-17 06:36:00",0.82255
5841256,jason9816,"2021-01-05 02:24:35",0.81152
5841761,Lineldor,"2020-11-21 08:21:16",1.00000
5841854,Simran29995,"2020-11-25 14:55:58",0.83174
5843805,"Илья Пушкарев","2020-11-17 15:45:41",0.83573
5845457,EE258_F20_ASDS,"2020-12-15 03:31:25",0.79681
5846532,Jenaei,"2021-01-04 23:13:55",0.82286
5846999,EE258_F20_97,"2020-12-12 17:36:11",0.81703
5849202,y0n9q1,"2020-11-26 10:00:34",0.00000
5849241,Turgut,"2020-11-18 14:53:45",0.83573
5850656,Bikrantk,"2020-11-24 11:51:35",0.77811
5850919,"ASHITA KHURANA","2020-11-18 14:47:01",0.74501
5851106,"Pavel Artemkin","2020-11-18 14:38:26",0.80416
5851209,"Nikhil Prashar","2020-11-29 08:06:00",0.76800
5851994,mrimmin,"2020-12-29 11:28:47",0.79681
5851996,สวัสดีครับท่านผู้ชม,"2020-11-26 02:32:04",0.80079
5852155,Twistbot,"2020-11-18 17:18:12",0.81121
5852175,"Slawomir Biernacki","2020-11-19 12:05:17",0.78087
5852421,NONNOYs,"2020-11-25 18:30:44",0.79282
5852744,EE258_F20_75,"2020-12-21 07:47:32",0.78087
5852878,"Sergeenko Egor","2020-11-26 16:27:02",0.80447
5853054,died,"2020-11-23 18:04:12",0.79282
5853256,EE258_F20_AnVo,"2020-12-12 07:13:03",0.83573
5853738,EE258_rojinshifa,"2020-12-13 23:19:24",0.80140
5854673,EE258_F20_SANKETPATIL,"2020-12-15 05:05:36",0.80661
5854697,EE258_Katkar_Khan,"2020-12-14 23:34:15",0.81274
5855201,Tachikoma1,"2020-11-22 20:33:15",0.80263
5855283,"Kids With Code","2020-11-21 16:27:06",0.80447
5855603,"CHALAT SINGANGKURA","2020-11-23 13:07:40",0.80110
5855896,"Khushnuma Grover","2020-11-23 14:56:26",0.81795
5856084,"Hiten Garg","2020-11-22 11:28:24",0.82163
5856196,"Steffen Zou Weilun","2020-11-24 15:25:34",0.81550
5856420,"da lao","2020-11-20 11:16:28",0.76953
5856903,Tanishq1980,"2020-11-19 14:15:46",0.80447
5857250,youmin,"2020-11-23 07:25:15",0.78026
5857273,"Sanchit Dhingra","2020-11-19 16:11:14",0.79436
5857580,"Ahmad Hanif","2020-11-19 14:24:16",0.45908
5857601,NLP_Real,"2021-01-03 17:28:28",0.79282
5857934,"Srishti  Kalra","2020-11-23 14:52:54",0.81366
5857951,Shrimpster,"2020-11-21 11:55:47",0.84216
5858175,"Akshay Dhyani","2020-11-19 17:06:33",0.79497
5858365,DIVYANSHI23,"2020-11-25 13:34:17",0.79895
5858449,satviksg,"2020-11-19 16:15:44",0.79436
5858486,deveshkatoch,"2020-11-20 05:48:26",0.80937
5858569,"Mohamed Jmal","2020-11-19 17:03:21",0.76616
5858649,trinity,"2020-11-26 00:19:26",0.80784
5858721,"MAYANK KUMAR SINGH","2020-11-23 10:03:44",1.00000
5859259,Nattachan_Ningnoi,"2020-11-19 19:11:06",0.83573
5859354,"Yulia Kuznetsova","2020-12-04 04:41:35",0.80631
5859387,"Abhishek Goyal","2020-11-24 15:12:23",1.00000
5859919,palapara,"2020-11-25 04:19:25",0.83787
5862202,EomTark,"2020-11-27 05:36:30",0.78271
5862394,"Wildan Gunawan","2020-11-20 08:25:22",0.79436
5862439,AumLou,"2020-11-22 11:55:04",0.76126
5863223,llkinnn,"2020-11-22 14:35:22",1.00000
5863611,Hardik_101883010,"2020-11-25 12:37:43",0.77382
5863776,"Ankit Beniwal","2020-11-30 05:10:47",0.82991
5864134,"Amit Sarid","2020-12-24 00:05:12",0.83205
5864291,valdez007,"2020-11-24 04:35:26",0.80049
5864909,AI@NCKU,"2020-12-25 10:21:24",0.83236
5865423,"YANISA SOMCHAN","2020-11-23 20:46:44",0.80815
5865516,"Aditya Vashista #2","2020-11-21 08:27:48",0.83941
5865813,karmel,"2020-11-21 18:46:07",0.82653
5866368,"shreyansh sinha","2020-11-28 19:02:43",0.79344
5866416,"Manav Upadhyay","2020-11-20 17:42:55",0.77627
5866679,[Deleted],"2020-11-20 18:36:42",0.71529
5866755,[Deleted],"2020-11-20 18:55:03",0.74900
5866792,"Darya Sukhova","2020-11-20 19:33:19",0.74900
5867710,"Cheng Ren","2020-11-25 06:46:39",0.81060
5868223,"Iara Santelices","2020-11-29 20:50:16",0.58044
5868242,"SHAILENDRA JAIN","2020-11-27 03:07:36",0.80937
5870148,NTU_r08944018_,"2021-01-03 08:41:00",0.83174
5870372,"Erick Salazar","2020-11-24 03:41:32",0.82653
5870520,Gumper_ss,"2020-11-23 13:27:41",0.80263
5870769,"Anastasia Lisina","2020-12-02 21:48:31",0.93410
5871181,"Oleg Veselov","2020-11-21 12:18:24",0.79865
5871677,"AoYun Shen","2020-11-23 02:15:27",0.79957
5871694,"Rawisara luangaksorn","2020-11-26 07:39:19",0.79374
5872278,ไข่เจียวสีทองบุ๋งๆ,"2020-11-21 15:12:28",0.80661
5872667,"NATANIT PHEMHUNSA","2020-11-25 14:48:00",0.79344
5873196,Vaniza,"2020-11-23 19:18:26",0.80815
5873518,"Jatin Mittal","2020-11-22 06:12:03",0.81060
5873658,"Khaled #2","2020-11-23 10:13:00",0.83512
5873944,"Maxim Bykov","2020-11-25 15:57:06",0.79957
5874891,"Anand Chandran","2020-11-28 13:44:40",0.79007
5875999,GG_Sehun,"2020-11-26 12:33:44",0.80447
5876167,"Krishna #4","2020-11-27 06:26:10",0.80815
5876207,pumpkin,"2021-01-04 21:13:22",0.84094
5876305,"Bam Nichaporn","2020-11-24 03:47:27",0.79742
5876337,katerina20,"2020-11-22 12:07:57",0.78087
5876455,"rei nex","2020-11-23 17:36:37",0.74379
5876665,"KITTISAK THONGSI","2020-11-23 19:55:31",0.79619
5877001,"SUKONLAPHAT CHINNAWONG","2020-11-25 20:26:23",0.80508
5877145,haswat,"2020-11-22 12:44:19",0.43824
5877250,YANAKORN2,"2020-11-22 12:42:12",0.80478
5877793,ChiTerILP,"2020-11-23 10:11:48",0.74379
5877978,ishaanvijh,"2020-11-23 07:24:03",0.82378
5877994,zvladn7,"2020-11-23 15:19:52",0.75390
5878075,Keks,"2020-11-23 22:00:39",0.77444
5878219,appichhayya,"2020-11-22 15:40:34",0.80416
5878503,Yanakorn3,"2020-11-22 16:48:22",0.80478
5878743,"Intiwon Dechsing","2020-11-24 03:44:56",0.80049
5879276,"Ashish kumar chhetri","2020-11-22 23:35:50",0.79619
5879892,"Franklin Chiluisa","2020-12-14 18:06:25",0.78486
5881012,"Qi Zheng","2020-11-30 03:09:15",0.74348
5881646,ไข่เจียวสีทองอมน้ำมัน,"2020-11-23 14:06:21",0.79405
5882199,xiatian1015,"2020-11-24 10:20:48",0.79436
5882570,"Tanmay Pathak","2020-11-23 14:08:40",0.78884
5882633,Kapilkumargupta,"2020-11-23 09:12:06",0.79589
5883129,"MOLLAPAN KUABPHIMAI","2020-11-23 16:08:50",0.79742
5883497,NTU_r08725030_,"2020-11-25 08:48:29",0.84308
5883513,"Orestes Olivera Marrero","2020-11-26 14:02:30",0.53478
5883561,"THANAPHON SUT","2020-11-23 19:32:17",0.81703
5883866,"Ilya gusarov","2020-11-23 19:05:28",0.71559
5884149,Shlyaga,"2020-11-23 15:47:45",0.74900
5884231,Manvi_101883053,"2020-11-23 13:54:18",0.83328
5884452,"Buddhikarn siriwan","2020-11-23 13:35:29",0.79957
5885619,BikbulatovDI,"2020-11-29 17:05:00",0.83573
5885634,Trinity185,"2020-11-23 18:21:21",0.79436
5886150,PnXGUiDE,"2020-11-23 18:23:24",0.80049
5886182,"Vlad Zybkin","2020-11-23 17:49:05",0.74287
5886721,"Nicolas Baouaya","2020-11-28 18:01:57",0.80324
5887192,"Healthy Body & Mind","2020-11-23 20:30:40",0.79558
5887735,"Remmy Ezeabasili","2020-12-17 01:03:18",0.79650
5889821,"SIMRANJEET SINGH","2020-11-25 07:50:49",0.82255
5890024,pro_userrr,"2020-11-24 03:29:29",0.80968
5891010,"Mihir Desai","2020-12-16 00:24:45",0.83573
5891648,"Harmeet kaur","2020-11-25 05:32:02",0.57033
5893500,"Guillermo Parra","2020-11-24 10:50:20",0.79987
5893522,vaibhavsingh,"2021-01-04 06:51:48",0.80539
5893699,Althea_chen,"2020-12-02 13:52:16",0.79497
5893709,"Travis Scott","2020-12-01 10:06:28",0.79374
5894152,"KUSHAGRA THAKRAL7744","2020-11-25 17:32:17",0.73735
5894479,Marachan,"2020-11-25 07:41:49",0.78577
5895273,pbf,"2020-11-24 14:46:24",0.80784
5895305,"Bolshakova_AV ","2020-12-20 16:48:53",1.00000
5896305,"Arvind K.R.","2020-12-10 10:53:34",0.79681
5896920,DRafal,"2020-11-24 19:43:55",0.78087
5897093,"Moritz ","2020-11-24 19:24:54",0.78057
5897112,"Ivan Guerrero","2020-11-24 18:31:04",0.78148
5897506,"abhishek goyal19","2020-11-24 19:22:49",0.80508
5898672,Gordon,"2020-11-24 22:57:21",0.83726
5900562,"Kolby Sarson","2020-12-02 09:03:51",0.80447
5900979,"Balraj Massoun","2020-11-25 16:01:20",0.79895
5901091,Aarshi,"2020-11-26 14:08:58",0.83542
5901642,ARSH2604,"2020-11-25 09:29:13",0.77413
5901773,yash972saxena,"2020-11-25 11:21:05",0.78486
5902561,"Aniket Gupta #2","2020-11-25 12:04:08",0.80079
5902609,"Muhammad Alfian Pratama","2020-11-27 11:55:22",0.78302
5902746,"massinissa guendoul","2020-11-25 13:12:10",0.84094
5902831,"ROHIN SURI","2020-11-25 11:47:08",0.79436
5902836,"SUPAWINEE JAESAI","2020-11-25 12:07:37",0.79926
5903035,"pearche redspin","2020-11-25 12:25:16",0.79926
5903078,jenniferwwwww,"2020-11-30 11:42:17",0.84002
5903167,"Muraoka Masaki","2020-12-14 09:33:53",0.80815
5903266,"Alpha Centauri","2020-11-25 13:56:25",1.00000
5903512,"Ramneet Singh","2020-11-25 13:50:17",0.75881
5903698,"Emil Haas","2020-11-25 14:28:36",0.78179
5903725,"natakorn natakorn","2020-11-25 14:06:50",0.80079
5904379,"hiyunkie BAA","2020-11-25 15:32:38",0.79926
5904391,"Adrian Dratwiński","2020-11-26 16:53:53",0.83358
5904806,"Rajat Siwach","2020-11-25 16:48:17",0.78179
5904853,"Gokul koolwal","2020-11-25 17:20:02",0.75543
5904887,"kaik kimkla","2020-11-25 16:55:01",0.79926
5904901,kittisakTho,"2020-11-25 16:58:19",0.79528
5905027,"HARSH SHARMA1234","2020-11-25 17:34:06",0.76892
5905042,"Anurag Aggarwal 88","2020-11-25 17:59:26",0.77413
5905127,ToXicAnt,"2020-11-25 17:37:58",0.83083
5905154,KITTISA,"2020-11-25 18:13:30",0.79528
5905501,KITTISAr,"2020-11-25 19:33:59",0.79742
5905523,qlc,"2020-12-01 23:33:17",0.79252
5905626,Nantiyaice,"2020-11-25 20:05:06",0.79619
5905713,"Ben Rasich","2020-11-25 19:49:03",0.79007
5905776,Kittisat,"2020-11-25 19:38:18",0.79803
5905873,"APIWAT YOKYUENYONG","2020-11-25 20:09:07",0.80447
5906010,guymildbam,"2020-11-25 21:00:58",0.80508
5906052,NTU_b07902052_巨槌瑞斯,"2020-12-28 12:20:21",0.84278
5906222,EE258_F20_tyys,"2020-12-13 21:58:33",0.75482
5906256,mpwk01,"2020-11-25 21:54:29",0.78087
5906263,HighSpin,"2020-12-08 08:07:32",0.79650
5906469,popepy12,"2020-11-25 22:40:14",0.80815
5906583,Yaninpa,"2020-11-25 23:36:02",0.80753
5906698,Jessizora,"2020-11-26 00:04:15",0.80784
5907491,"Kanthicha Juntepa","2020-11-25 16:08:50",0.80324
5907600,"Amar Fadil","2020-11-26 04:59:21",0.51057
5908498,r18148,"2020-12-09 15:25:54",0.80447
5908882,"Juniper Titmouse","2020-12-07 17:09:08",0.80723
5909299,"Julien Pinede","2020-11-29 16:27:04",0.83358
5909848,NTU_r08946016_,"2020-12-01 07:25:03",0.83604
5909850,"Lien Suitnatsnoc","2020-11-28 12:08:43",1.00000
5912931,"Sam Kimbinyi","2020-11-26 23:04:19",0.78148
5913387,kyeongwook,"2020-12-02 11:30:54",0.00000
5914230,"Paul Xiao","2020-12-01 07:12:04",0.70793
5914260,"Lakshya Rawal","2020-11-29 18:47:55",0.78639
5915486,"HyungSoon Lim","2020-11-27 12:31:55",0.78516
5915498,baaaam771,"2020-12-02 11:39:42",0.00000
5915882,VictorNMartinez,"2020-11-28 16:27:12",0.79650
5915912,DripTeam,"2020-11-28 15:58:16",0.79650
5916101,"Sunny Sharma","2020-11-27 12:51:25",0.78792
5916278,"Enes Keskin","2020-11-27 13:53:04",0.79742
5916343,glebmikh,"2020-12-10 08:39:46",0.78118
5916904,Wuchjazz,"2021-01-01 16:54:34",0.79589
5916939,"Igor Avilov","2020-11-29 16:51:51",0.80478
5917075,Masoud,"2020-12-24 01:56:24",0.80018
5917536,"Maciej Misiewicz","2020-12-07 22:48:01",0.79221
5917931,gustavo.g.s,"2020-11-27 18:50:06",1.00000
5918242,"Marco Cesar Hernandez Inzunza","2020-12-12 16:26:49",0.79926
5923956,LeonelHeredia,"2020-11-28 07:10:09",0.79987
5925746,"kamal deep","2020-11-30 07:30:36",0.82899
5925877,"Ashwin Rachha","2020-11-28 09:04:41",0.77198
5925910,"Yomira Espinoza Pinedo","2020-11-28 06:52:41",0.79987
5926230,Kdeep1998,"2020-11-28 08:22:39",0.57033
5927666,"Poramintr Limpaporn","2020-12-04 08:04:35",0.57768
5927719,"Marco Occhialini ","2020-11-28 14:29:26",0.79711
5928057,Ali.Ahmed94,"2020-12-01 15:08:09",0.80784
5929631,"Juan Luis Gutiérrez Urbano","2020-12-02 06:51:56",0.76677
5930120,"Kana Nakako","2020-11-29 06:00:28",0.78087
5930218,Serendipity618,"2020-12-01 08:04:30",0.77811
5930616,"Mukhar Jain","2020-11-29 07:09:08",0.83849
5931212,"Pooja Sharma","2020-12-04 09:36:41",0.81550
5931359,"Naga Kalyan","2020-11-30 04:53:12",0.78639
5931736,jakobs.dev,"2020-11-29 12:40:57",0.78302
5932064,"Omar Hany","2020-12-09 13:56:49",0.77106
5932093,"Nguyen Tuong Quang","2020-12-07 07:14:28",0.79528
5932319,jpm2617,"2020-12-01 20:38:00",0.78302
5932468,"Kelvin Kinda","2020-11-30 18:45:17",0.79374
5932509,"İhsan Ozan Özkan","2020-12-07 07:25:14",0.80478
5933020,"Hui Zhang","2020-12-05 19:17:52",0.78057
5933091,"carlos bedrock","2020-11-29 23:52:18",0.57523
5933435,"Naci Onenkoprulu","2020-12-07 17:37:52",0.79466
5933554,"Linda Velasquez","2020-11-29 19:15:57",0.79098
5934135,"Tayfun AKCAY","2020-11-30 21:43:49",0.84523
5934375,kakatcy,"2020-12-15 17:14:29",0.83297
5935370,"Craig Thomas","2021-01-03 21:44:09",0.80631
5935768,"Mehmet Ali Kayacı","2020-12-09 09:49:51",0.76126
5936471,"Debi Prasad Sen","2020-12-03 18:09:20",0.81121
5936578,"Chavisha Arora","2020-11-30 09:51:53",0.80140
5938198,chenNNNNNNN,"2021-01-02 07:26:45",0.83266
5938331,AnnaSan,"2020-12-04 22:13:50",0.84125
5938663,"Filippo Pellizzari","2020-12-01 16:48:00",0.80232
5939026,LeoSaci,"2020-11-30 23:52:58",0.78547
5939132,Dalin95,"2020-12-05 15:53:12",0.83941
5939414,"Sanu Shaw","2020-12-27 14:48:06",0.71835
5939511,"Ajay Kumar salwawania","2020-12-07 12:10:50",0.78823
5939833,"Gilad Felsen","2020-12-14 19:59:02",0.80447
5940158,Billwaa,"2020-12-01 04:50:03",0.75605
5940630,DAO,"2020-12-03 14:10:08",1.00000
5940643,"nkcc pr","2020-12-25 01:47:07",0.81673
5940681,shichao.wang,"2021-01-06 10:18:35",0.81336
5940893,JolyonJian,"2020-12-24 06:51:32",0.79834
5941238,tr_10,"2020-12-31 14:54:31",0.79497
5941412,"Tsukasa T","2020-12-30 12:32:55",0.80386
5942447,饶玉龙,"2020-12-01 13:36:34",0.83358
5942647,daguanghuang,"2020-12-28 09:16:12",0.84033
5943115,"Martin Dröge","2020-12-21 18:14:14",0.79987
5943195,"Vlad Kostoglodoff","2020-12-01 13:16:34",0.79619
5943227,"Huagela Meow","2020-12-04 06:03:13",1.00000
5943253,zhangmo0474,"2020-12-29 00:20:23",0.80508
5943289,feather,"2020-12-07 08:04:46",0.84431
5943300,Mxa4646,"2020-12-03 05:54:30",0.84186
5943504,laffection,"2020-12-23 10:17:21",0.83726
5943534,"Sergey Smirnov","2020-12-01 13:32:47",0.79558
5944679,"Russell Chiang","2020-12-02 11:17:17",0.80447
5945226,José,"2020-12-02 19:36:20",0.77382
5946193,DataScience_Lab,"2020-12-04 21:01:17",0.84094
5946349,jhfhgb,"2020-12-02 03:00:59",0.79589
5946370,"Jackson Garnett","2020-12-05 04:39:11",0.79405
5946557,"Lucas D Ribeiro","2020-12-10 22:53:02",0.80478
5946628,"Aadesh Baral","2020-12-02 03:48:14",0.77260
5947042,jlkjljk,"2020-12-02 04:14:27",0.80416
5947261,Admin,"2020-12-03 10:03:30",1.00000
5947523,DsrYjn,"2020-12-26 04:40:46",0.80263
5947705,YongSunkaggle,"2020-12-09 05:54:05",0.83695
5947880,Beanasdf,"2020-12-02 09:35:56",0.74900
5947969,zqzwk,"2020-12-24 08:50:08",1.00000
5948512,"Kayla Nguyen","2020-12-02 16:17:44",0.78057
5948638,"Nitin Kumar #4","2020-12-06 19:27:38",0.79681
5951105,"Bartosz Pieniak","2020-12-03 23:04:59",0.83542
5951511,"Ezra Splaver","2020-12-14 18:18:33",0.58718
5951527,"Alex Casieri","2020-12-08 04:33:54",0.71100
5951550,KamilK,"2020-12-04 17:52:13",0.78915
5951870,hyem,"2020-12-11 02:54:13",0.76003
5952200,"Garrett Davidofsky","2020-12-03 23:32:35",0.78853
5952887,T.Wada,"2021-01-04 11:26:37",0.80355
5952938,"Ryo Narasaki","2021-01-06 07:53:18",0.79344
5952980,O_Iwasaki,"2020-12-09 15:05:49",0.78240
5952987,r18049,"2020-12-10 06:18:16",0.80447
5952993,Kuratori_NG,"2020-12-10 06:20:34",0.79252
5953003,kazuryu,"2020-12-10 06:25:29",0.72571
5953739,"vyom bhatia","2020-12-07 00:06:29",0.82592
5954291,sampathrg,"2020-12-05 10:00:52",0.78915
5954721,"qianyun gong","2020-12-28 12:57:14",0.73000
5954825,"mihir deo","2020-12-04 09:09:11",0.78148
5955407,"last nignt good","2020-12-05 12:00:53",0.99846
5955571,"Dr. Surabhi Thorat","2020-12-04 16:36:20",0.77689
5955890,shaz,"2020-12-04 01:25:44",0.79711
5956322,"Junjie Zhao","2020-12-14 05:15:33",0.84584
5956774,john12312654,"2020-12-03 23:55:06",0.78302
5957011,"Angus Wu","2020-12-04 04:30:19",0.79773
5957313,fei,"2020-12-04 03:10:07",0.84216
5958049,"Neethu Johnson","2020-12-07 06:49:44",0.81152
5958202,"jin sato","2020-12-18 06:58:34",0.79865
5958207,yo4tsu,"2020-12-04 07:56:49",0.80447
5958435,Casdae_lzz,"2020-12-04 08:20:51",0.57033
5959473,"Sampan Acharya","2020-12-04 13:29:54",0.80386
5959781,"Mansi Saxena","2020-12-19 06:16:25",0.76064
5959835,TeamSTCDSD,"2020-12-04 22:32:25",0.78057
5960028,Wiktorbrk,"2020-12-04 18:35:25",0.77689
5961346,"Sergey Korolev","2020-12-04 23:30:39",0.79007
5961406,"Kenny & Bell","2020-12-21 01:02:01",0.80079
5961652,"Alex John Casieri","2020-12-05 00:22:27",0.71100
5961728,extxuser,"2020-12-29 04:42:21",0.78516
5962174,RootOnChair,"2020-12-05 15:09:01",0.78179
5962329,"Julio Lau","2020-12-05 05:18:14",0.77321
5962719,"Ankur Singh #2","2020-12-05 15:28:33",0.78516
5963018,"mA0 nen9","2020-12-24 11:36:22",0.81612
5963554,"Abid Ali Awan","2020-12-30 08:35:22",1.00000
5963880,"Abishek Bashyal","2020-12-16 16:03:34",0.80324
5964012,NUDT丁兆云DM2020BQZT,"2020-12-05 12:36:37",0.85228
5964087,"minwook shin","2020-12-06 00:37:18",0.73582
5964469,"Mohd Kashif Akhtar","2020-12-18 13:49:45",0.83113
5964800,"Abhishek Barai","2020-12-17 05:00:08",0.81949
5964947,"Apurva Jain","2020-12-12 19:17:31",0.74072
5965253,[Deleted],"2020-12-09 02:35:43",0.80692
5965284,"Zhao Yupeng","2020-12-18 20:58:12",0.85289
5965424,"Vladyslav Mazurkevych","2020-12-05 23:08:31",0.80324
5965571,"Başak Kızılay","2020-12-09 08:22:08",0.79252
5966321,"Karl-Heinz Fiebig","2020-12-06 12:55:29",0.79160
5966467,심보준(BojunShim),"2020-12-06 06:24:47",0.83910
5966866,"See Luck","2020-12-08 05:52:41",0.79282
5967267,OmarArias86,"2020-12-06 07:43:47",0.57830
5967718,"shivam patil","2020-12-06 10:48:52",0.79773
5967859,"Gabriel Manfredi","2020-12-06 11:53:57",0.80570
5968016,"Akshay Patil","2020-12-06 10:50:00",0.78945
5968043,SN,"2020-12-06 10:45:43",1.00000
5968147,VolkovArnold,"2020-12-08 14:24:51",0.78700
5968662,[Deleted],"2020-12-06 16:26:25",0.80324
5968765,nku_pr,"2021-01-06 10:33:33",0.81336
5969483,"Meysam #2","2020-12-15 02:16:31",0.81121
5969844,"Anyela Tafur","2021-01-04 04:41:18",0.78761
5969978,"Daniel Ginsburg","2020-12-13 23:46:19",0.81857
5970024,"A. Soto - H. Eguino","2020-12-08 02:13:26",0.79742
5970370,"Kirill Pribytkov","2020-12-06 22:17:57",0.75973
5970936,"Yiwen Zhang95","2020-12-07 07:42:23",0.82470
5971075,"Kevin Lim","2020-12-20 06:49:53",0.80815
5971213,[Deleted],"2020-12-07 04:13:26",0.79528
5972222,"Akash Upadhye","2020-12-07 07:23:57",0.79466
5972874,"Himanshu Tripathi","2020-12-11 09:47:53",0.81489
5973662,LuzxAndDuck,"2020-12-28 11:38:32",0.80018
5973924,"djaffar nait sider","2020-12-09 10:01:41",0.80140
5973995,vincent_wanglucky,"2020-12-08 06:45:39",0.78057
5974499,cl_cls,"2020-12-07 16:42:29",0.78179
5975333,"Paweł Duszyński","2020-12-20 15:28:23",0.79252
5976151,"Lepio Sam","2020-12-08 01:30:09",0.58749
5976224,"Joey Sal","2020-12-08 01:55:06",0.73092
5976599,"Tom 99763","2020-12-18 14:48:43",0.79129
5976605,"Haris Masood","2020-12-09 04:32:35",0.79865
5978200,"Nutan Limaye","2020-12-10 11:48:02",0.81274
5980322,"aadish agrawal","2020-12-09 20:28:28",0.80079
5980408,"Sandeep #3","2020-12-08 21:48:26",0.53233
5980512,"Samuel Sendzul","2020-12-30 20:11:40",0.80079
5980672,"Shawn 肖恩","2020-12-19 18:57:27",0.84125
5981639,Yuho,"2020-12-09 06:49:28",0.82807
5981954,MukulGoyal,"2020-12-10 04:55:41",0.78057
5983142,"Ahmed Hisham","2020-12-09 08:31:21",0.84094
5984807,Demongolem,"2020-12-21 19:22:35",0.81029
5984886,"Phua Soo Ngern","2021-01-01 01:28:06",0.79865
5985887,"J Prabhath","2020-12-23 11:15:13",0.80447
5988259,momizi,"2020-12-10 06:58:11",0.79252
5988262,yutomame,"2020-12-10 06:22:52",0.72663
5988263,r18005,"2020-12-10 06:13:30",0.79252
5988268,bonchanri,"2020-12-10 06:37:44",0.79252
5988286,rmisawar,"2020-12-17 06:12:19",0.78179
5988467,xyf1222,"2020-12-27 09:46:59",1.00000
5988829,[Deleted],"2020-12-19 02:49:57",0.85105
5989196,"Krishna Chaitanya","2020-12-20 15:08:39",0.72755
5989269,jonbo999,"2020-12-15 09:20:57",0.79221
5989298,jonbo99,"2020-12-10 11:56:50",0.74624
5989529,"Charanraj Shetty","2020-12-15 13:52:13",0.74777
5989888,Andevsr,"2020-12-14 11:25:09",0.57033
5990123,"Emmanuel Agbeli","2020-12-30 22:13:42",0.82868
5991159,mkkud,"2020-12-10 18:11:33",0.79987
5991275,"omar ouardighi","2020-12-10 22:43:14",0.78210
5991380,"Surya Prakash Pathak","2020-12-10 19:03:54",0.80018
5992795,"Jeff Tav","2020-12-15 14:55:43",0.79497
5992880,"Zijian Zeng","2020-12-11 01:10:59",0.83328
5994449,"Radha Mohan","2020-12-11 09:46:18",0.72387
5994462,"shivakrishna amandu","2020-12-14 06:23:45",0.80202
5994549,"ASHUTOSH KUMAR SINGH99","2020-12-12 08:56:01",0.72877
5996157,superduperdata,"2020-12-11 12:43:50",0.59699
5998220,"John Mitchell","2020-12-12 22:59:00",0.81949
5998447,RockStar,"2020-12-17 01:25:39",0.82347
5998887,oconnorcpj,"2020-12-12 03:54:33",0.82868
5999017,"Seong Yong","2020-12-12 17:47:55",0.57033
5999518,"Sachin Kumar","2020-12-13 09:27:25",0.69659
5999903,Raduciou,"2021-01-05 22:32:42",0.80570
5999913,"Marcin M - PJATK","2020-12-12 11:44:55",0.57033
6000546,udbj77,"2020-12-27 07:13:20",0.84676
6000686,"Murat Mert","2021-01-05 12:41:49",0.50015
6000732,"Wu-Jun Pei","2020-12-13 09:38:18",0.82255
6001048,"Evgeny Avdotin","2020-12-21 09:31:01",0.78608
6001082,"Shubham Nayak","2020-12-12 15:25:12",0.57033
6001221,radex-baza2,"2020-12-30 19:45:55",1.00000
6001501,"Tiger Nie","2020-12-18 10:52:34",0.78026
6002130,"Łukasz Grochowalski","2020-12-20 22:23:50",0.79711
6002206,"AR Rony","2020-12-14 09:42:40",0.77106
6002425,"Jacob Miesner","2020-12-14 00:05:37",0.80263
6004001,lxc667,"2020-12-13 07:45:52",0.78179
6004042,"Piyush Pandey","2020-12-28 14:43:25",0.83358
6004427,mshivanshu10,"2020-12-13 12:46:25",0.79190
6004752,"Ikki Miyazaki","2021-01-02 07:15:51",0.78302
6005525,"RAKESH PAUL","2020-12-13 18:07:58",0.83236
6006187,"Sirojiddin Komolov","2020-12-21 12:04:54",0.79803
6006636,mdadda,"2020-12-23 15:43:54",0.78516
6006952,"Stanislav Tomash","2020-12-14 01:04:02",0.81274
6007347,"Osagie Iyayi","2020-12-21 14:18:19",0.80324
6007422,remodelguy,"2020-12-21 00:40:58",0.78455
6007907,"UTKARSH MITTAL","2020-12-14 18:54:00",0.79007
6009499,"Melle Brouwer","2020-12-15 16:00:27",0.83665
6009596,"İbrahim Can Duran","2020-12-22 13:59:21",0.82408
6011829,"Kevin Baughman","2020-12-15 19:07:58",0.79221
6012095,"Julia Zhu0","2021-01-06 05:30:18",0.79252
6014124,Yutori,"2020-12-21 05:53:27",0.59760
6014603,Abfall,"2020-12-15 08:52:12",0.82776
6014606,"Fumihiko Taya","2021-01-06 04:15:24",0.74747
6014988,"Rahul kr. Paswan","2020-12-24 06:59:51",0.74164
6015004,"Abhay Raghuwanshi","2020-12-18 17:39:02",0.75881
6015197,"junfeng gao1020","2020-12-23 13:09:36",0.84646
6016246,"Ricardo Ishida","2020-12-16 02:50:26",0.81826
6017628,rwijma,"2020-12-17 10:07:24",0.81673
6018016,"Roman Lisyukov","2020-12-20 09:05:42",0.78700
6018130,"Dae Hui Park","2020-12-16 14:56:32",0.80508
6018656,"Jayakumar H G","2020-12-16 14:27:58",0.83297
6018809,"Andrey Palaev","2020-12-16 16:16:56",0.77198
6019707,"John Doe #19","2020-12-16 04:26:14",0.75881
6019827,Jiahua,"2020-12-16 00:46:47",0.78087
6022140,"Felix Tandiono","2020-12-21 08:01:16",1.00000
6022322,"Saúl José Oviedo León","2020-12-19 06:02:38",0.80049
6022836,Josss,"2020-12-16 08:03:49",0.84431
6023002,Ujwalitha,"2020-12-17 12:27:10",0.79466
6023235,"Vinicius Reis","2020-12-16 13:37:35",1.00000
6023311,"Sanjeev Khurana","2020-12-17 12:43:24",0.77627
6023557,fhl2000,"2020-12-19 04:34:30",0.84615
6024081,"Sergey Nikonov","2020-12-16 11:23:39",0.77413
6024231,Zhengxiaoyan98,"2020-12-16 15:06:03",0.79619
6024268,"girish ewoorkar","2020-12-27 07:19:30",0.83174
6024788,"prince goswami","2020-12-16 15:05:00",0.78761
6024806,"Mattias Siimar","2020-12-17 16:17:34",0.80723
6024952,"Vilina Shegai","2020-12-16 14:57:44",0.80049
6025226,"Tanguy Perennec","2020-12-16 18:18:06",0.84125
6026008,"Cathol Python","2020-12-17 20:09:12",0.79619
6026030,"Mau Ruanova","2020-12-16 16:42:02",0.78179
6026186,"shrijeeth suresh","2020-12-17 10:23:01",0.82592
6027503,"Young Min Choi","2020-12-17 05:07:08",0.78057
6027746,"ha wom35","2020-12-17 02:31:46",0.79711
6027920,shigua997,"2020-12-17 03:18:09",0.79129
6029024,aditagrawal,"2021-01-05 05:45:20",0.78608
6029214,SypenSmile,"2020-12-18 16:09:48",0.79957
6029736,Yilin1012,"2020-12-21 12:21:07",0.83757
6029800,Maxung,"2020-12-17 10:44:52",0.78087
6030140,"Khang Lam Duy","2021-01-03 03:42:34",0.79252
6030210,"Mattia Mina","2020-12-17 12:47:45",0.79619
6031309,giorgosera,"2020-12-29 15:58:15",0.80692
6031344,Convxion,"2020-12-18 16:53:03",0.84216
6031638,Sasha,"2020-12-19 23:08:24",0.58718
6031650,"Oliver Boeckel","2020-12-26 10:26:35",0.68311
6031717,FranciscoSilva11,"2020-12-17 18:46:25",0.79987
6031832,"James Barciz","2020-12-18 19:09:16",0.68556
6032002,"Konstantin Loshakov","2020-12-19 17:42:52",0.83205
6032693,"Cody Mercadante ","2020-12-18 06:08:48",0.77903
6033731,Eunji7267,"2020-12-18 08:37:49",0.80815
6033940,jewelry1,"2020-12-27 09:17:06",0.57033
6034828,Rohitjoshi_09,"2020-12-20 08:17:34",0.79466
6035360,"JackT Tai","2020-12-18 13:48:41",0.79528
6036109,essien,"2020-12-18 14:02:56",1.00000
6036691,"PY Liao","2020-12-19 15:47:34",0.79742
6037769,MikeThibodeaux,"2020-12-31 22:46:02",0.82991
6038147,LiuSong_TaoSiKai,"2020-12-27 03:26:27",0.84492
6038259,Taunzi,"2020-12-24 00:11:29",0.84676
6038783,"David Eje","2020-12-19 16:11:53",0.79129
6038815,"Amritanshu Pandey","2020-12-19 08:36:42",0.79098
6039636,DabuBippa,"2020-12-21 21:52:37",0.69200
6039661,LnsChandrakanth,"2020-12-26 12:22:12",0.57033
6040105,"samad shaik","2020-12-19 15:11:21",0.83879
6040589,"Mahar Zeeshan","2020-12-19 15:15:18",0.57033
6040623,"Yibing Zhu","2020-12-19 15:37:18",0.80110
6040700,SamuelOrtiz9,"2020-12-20 07:17:00",0.79803
6041009,"Chachia Mohamed Wacef","2020-12-19 19:06:45",0.57033
6041663,howl,"2020-12-21 05:36:31",0.75543
6041752,"Dilshad Shawki","2020-12-19 22:19:03",0.81489
6041806,"Stevan Zhuang","2020-12-24 21:03:23",0.78148
6042066,RetoLed,"2020-12-20 13:08:23",0.78976
6042656,"Sowmya Surampalli","2020-12-20 06:18:17",0.79926
6043318,CaroljLee,"2020-12-20 09:52:57",0.81121
6043634,"Feshchenko Anastasia","2020-12-20 11:11:09",1.00000
6043826,Ossinerd,"2021-01-04 01:19:52",0.82899
6044540,"Alexander Stepanov","2020-12-20 16:07:34",0.76923
6044550,"Irtesam Mahmud Khan","2020-12-20 15:59:53",0.57033
6045231,"Cédric Souverain","2020-12-20 19:22:48",0.79405
6045337,"Tuhin Subhra De","2020-12-25 10:38:28",0.53417
6045376,"Dasha Egorova","2020-12-21 08:55:46",0.75237
6045434,"AbdulGafar Tobi","2020-12-20 21:02:57",0.80018
6045655,"Krzysztof Janiszewski","2021-01-01 18:57:07",0.82562
6046205,"NanQian Liu","2020-12-21 02:37:25",0.84094
6046210,HYOJUNKIM0213,"2020-12-21 04:41:44",0.83174
6046534,nxshen,"2020-12-21 04:27:41",0.83849
6047298,Netlab527,"2020-12-26 13:47:03",0.79221
6047455,Dimear,"2020-12-23 01:54:28",0.57033
6048646,Polapob,"2021-01-05 06:56:55",0.82653
6049584,sasakida,"2020-12-24 15:33:43",0.84523
6049796,fedesoriano,"2020-12-21 17:30:48",0.84829
6050672,"Meg Risdal","2020-12-23 18:15:34",0.50137
6051414,"eram munawwar","2020-12-22 11:10:55",0.71774
6051426,"Shang Qiu","2020-12-24 09:12:36",0.77168
6052122,"yaswanth #2","2021-01-05 06:47:41",0.60772
6052167,Aadam,"2020-12-26 09:23:51",0.81765
6052670,"Ranjana Kasangeri","2020-12-23 08:53:52",0.79711
6052697,zhyste,"2020-12-22 09:24:47",0.71314
6052843,jorgeromanplus,"2020-12-22 13:41:49",0.78057
6052848,sergio,"2020-12-22 10:48:08",0.80692
6052851,twixrider,"2020-12-23 10:11:28",0.79436
6052908,"Michael Weißenböck","2020-12-22 11:28:07",0.78179
6053040,"Laura Batchelor","2021-01-05 15:39:06",0.76003
6053179,shutupandsquat,"2021-01-03 08:09:31",0.68924
6053269,danilc1007,"2020-12-23 11:37:49",0.80386
6053553,AiWakaba,"2020-12-22 13:47:57",0.63254
6053555,"Alana Zoloeva","2020-12-22 23:02:32",0.63683
6053654,"ALsu Zakirova","2020-12-22 18:36:06",0.78884
6053763,Schoonbroot,"2020-12-28 03:57:33",0.83328
6053898,"YASH SINGH","2020-12-22 13:50:33",0.57033
6054172,GaoJunF,"2020-12-22 15:06:18",0.82715
6054235,"RS #2","2020-12-28 04:31:58",0.83634
6054393,"Gustavo MV","2020-12-30 15:53:45",0.84247
6054980,"Valentin Kaestner","2020-12-23 11:34:49",0.78087
6055009,"Jie Gong","2021-01-03 02:23:37",0.76064
6055016,"NLP Rookie","2021-01-03 02:09:17",0.80416
6055120,"Sabri Genç","2020-12-23 11:48:33",0.58259
6055236,WebAnalyst,"2020-12-29 14:39:07",0.57462
6055548,"Aleksander Piasecki","2020-12-27 15:36:30",0.76494
6057114,Tim.Y,"2020-12-25 13:33:37",0.79987
6057450,SongChunying,"2020-12-28 06:55:30",0.79711
6058550,"Carsten Behring","2020-12-23 20:47:26",0.78945
6058745,"Gaurav Dutt Misra","2020-12-27 11:04:46",0.78761
6058761,"Ninko Kovachevich","2020-12-25 13:29:01",0.79190
6058940,"Anikin Viktor","2020-12-23 17:43:52",1.00000
6059211,Snake,"2020-12-23 18:37:24",0.84462
6059491,"Óscar Pacheco Del Moral","2020-12-24 19:54:29",0.80386
6059540,AndreyParfenov,"2020-12-23 19:25:55",0.82868
6060628,BobbyZeydelis,"2020-12-28 03:35:53",0.79282
6060849,harishml,"2020-12-24 16:39:04",0.78302
6061377,SyedSalmanAbbas,"2020-12-24 11:32:44",0.80140
6061402,"Ivan Zverev","2020-12-24 08:17:27",0.79466
6061436,YunfanLi_1223,"2020-12-27 13:03:40",0.79895
6061484,Mr.Jian,"2020-12-24 07:39:43",0.79926
6061634,"kevin pek","2020-12-26 16:30:33",0.78271
6061985,"Saurav Joshi","2020-12-25 09:11:36",0.80263
6062517,"akbar abbas ","2020-12-24 12:37:48",0.84308
6062788,"Akito Harada","2020-12-29 15:18:22",0.79221
6063238,MoonOrchid,"2020-12-26 15:08:37",1.00000
6064403,"Gurhar Khalsa","2020-12-30 02:01:13",0.81091
6064580,"devanshu singh","2021-01-03 02:41:54",0.80049
6064754,"Abhay Parashar","2020-12-25 07:01:24",0.57860
6064945,"Aswin Kumar0472","2021-01-06 10:51:56",0.79895
6065451,NTU_r08921076_team2,"2021-01-02 14:16:28",0.81765
6065849,"ASHISH KUMAR","2020-12-26 08:43:51",0.79221
6066302,AbhishekDas78,"2020-12-26 13:16:28",0.72663
6066318,Hritik_Arora97,"2020-12-26 08:33:59",0.80355
6066996,"Ankit Sinha","2021-01-05 06:26:33",0.80600
6067313,"Andres Advincula","2020-12-27 04:52:20",0.80232
6067421,NeeraMital,"2020-12-29 03:52:31",0.82133
6067789,fleek12,"2021-01-04 02:28:43",0.49984
6067831,"hanseo park","2021-01-04 07:39:03",0.79405
6067908,"John Dsouza","2020-12-31 11:02:49",0.77474
6067964,miatran2111,"2021-01-04 05:38:25",0.79068
6068294,SandyAndSue,"2020-12-31 02:53:34",0.80539
6069074,"HEERA LAL","2020-12-26 19:35:03",0.55593
6069452,"Tuomas Maki","2021-01-02 19:57:39",0.79619
6070942,"Brad Messer","2020-12-27 23:55:51",0.80018
6071198,uzi666,"2021-01-04 08:01:21",0.81397
6071216,"john #6","2020-12-29 01:52:59",0.80539
6071831,"Ruixiang JIANG","2020-12-29 13:05:06",0.78271
6071895,gupta.aanchal,"2020-12-27 14:19:41",0.57033
6072233,"Ashwin Pillai","2020-12-28 15:11:02",0.79528
6072514,"Ram Prakash","2020-12-27 13:22:16",0.56359
6072931,Rijuss,"2021-01-02 21:35:42",0.80263
6073777,"animesh sharma","2021-01-01 17:46:18",0.75850
6074264,"Farid Shishebori","2020-12-27 20:59:19",0.83236
6074860,"Matt Yoon","2021-01-05 12:55:39",0.84737
6074946,"Wenkang Zhang","2020-12-28 02:55:37",1.00000
6075204,nkrobot123,"2020-12-28 04:55:53",0.80294
6075437,startover205,"2020-12-29 04:02:33",0.80508
6075925,"Yun Daehyuck","2021-01-02 10:23:08",0.71376
6076120,"Alexey Azarov","2020-12-28 10:00:42",0.80202
6076175,abdullllkhan,"2020-12-29 18:32:14",0.72387
6076259,Jianzl&Qiaoyy,"2020-12-29 06:37:52",0.79895
6077223,"Roman Safronenkov","2020-12-28 17:51:10",0.79589
6077305,GongQianyun,"2020-12-29 01:13:44",0.80447
6079312,"Astrid Wang","2020-12-29 02:06:00",0.83236
6080440,わいんぷらねっと,"2021-01-06 07:13:55",0.81336
6081293,Palak,"2021-01-05 14:16:17",0.79098
6085073,"Aleksandar Ivanovski","2021-01-05 14:31:55",0.76739
6085102,"Shikhar Kushwah","2021-01-02 09:41:04",0.53539
6085783,"Aamer Momin","2020-12-30 17:09:06",0.84094
6085912,"Guo Maobin","2020-12-31 03:23:48",0.78363
6086023,shiningdai,"2020-12-30 14:26:58",0.75758
6087355,"Ivonne Xu","2021-01-05 03:43:54",0.79405
6087405,molikameas,"2020-12-31 12:42:22",0.57033
6087411,"Kunal Jethuri","2021-01-01 08:02:25",0.80018
6090617,"xiaopeng chen","2021-01-04 06:17:59",0.81765
6090963,hironaka9,"2021-01-05 08:32:21",0.79619
6091444,"Guido Salimbeni","2021-01-01 20:01:02",0.75482
6092737,VilleVKo,"2021-01-01 21:37:42",0.78547
6093358,omantere,"2021-01-01 07:30:45",0.79190
6093908,Ryan-Ran,"2021-01-05 07:28:08",0.79926
6094755,me_bab0,"2021-01-01 15:21:19",0.81887
6095018,"visith K","2021-01-02 15:12:45",0.78669
6095558,"Herman Chui","2021-01-03 23:01:32",0.78057
6095709,"Shahmeer Shakir khan","2021-01-03 00:32:06",0.78761
6095820,"Alaa Awad","2021-01-02 01:13:41",0.82991
6096400,"Carl Terence Valdellon","2021-01-05 17:08:02",0.80386
6097104,"Kalyani Pande","2021-01-02 10:22:34",0.57431
6099381,"Furkan Zerey","2021-01-05 16:16:54",0.80355
6100013,hhk0321,"2021-01-03 08:17:12",0.82500
6101021,yinjiaying,"2021-01-03 09:01:39",0.81152
6101716,ChenNNNNNNNN,"2021-01-04 06:58:04",0.81336
6101773,"Muneshwar Anchal","2021-01-03 12:45:04",0.77536
6102145,"Md. Rafiuzzaman Bhuiyan","2021-01-03 16:01:00",0.83236
6102779,"Soha Saied","2021-01-05 13:12:22",0.77382
6102908,"Baljinder Smagh","2021-01-06 06:52:18",0.78976
6103646,"Woo June Cha","2021-01-05 00:44:59",0.78577
6104159,"Yuyan Chen #2","2021-01-04 05:57:20",0.78976
6104203,"JhonAn. Garcia","2021-01-04 03:37:46",0.73950
6104241,"Abishek Robin","2021-01-05 20:43:35",0.79681
6104277,Oink2001,"2021-01-04 23:00:50",0.78394
6104677,"Andy Fang","2021-01-04 20:14:16",0.78608
6106202,Hashiwo3,"2021-01-06 01:52:30",0.78057
6107367,"Yuhui Wu","2021-01-05 05:33:49",0.78087
6108452,"David Gauthier","2021-01-04 22:36:48",0.78057
6109045,Stecc,"2021-01-06 00:05:15",0.79068
6109097,"David Patton","2021-01-05 02:33:38",0.79589
6109921,"Prasaanth Selvakumar","2021-01-05 07:30:35",0.79436
6110546,"Atobek Rakhimshoev","2021-01-05 09:00:48",0.78179
6111119,"Naveen Chakravarthy","2021-01-06 09:17:02",0.71498
6111714,"Nikita Shigarov","2021-01-05 19:07:06",0.79773
6111794,Teppo,"2021-01-05 19:15:29",0.78271
6113629,Jen,"2021-01-05 22:06:09",0.71529
6113794,"Luis Pinto #2","2021-01-06 01:27:25",0.78455
6114190,sockerbit,"2021-01-06 01:10:51",0.60036
6115188,poteman,"2021-01-06 06:19:02",0.67790
6115769,"Gerald Rodriguez J","2021-01-06 09:12:04",0.78394
